{"Keys":["com.unity.services.core.version","com.unity.services.core.initializer-assembly-qualified-names","com.unity.services.user-reporting.version","com.unity.services.user-reporting.initializer-assembly-qualified-names","com.unity.services.core.all-package-names","com.unity.services.core.cloud-environment","com.unity.services.core.environment-name"],"Values":[{"m_Value":"1.11.0","m_IsReadOnly":true},{"m_Value":"Unity.Services.Core.Registration.CorePackageInitializer, Unity.Services.Core.Registration, Version=0.0.0.0, Culture=neutral, PublicKeyToken=null","m_IsReadOnly":true},{"m_Value":"2.0.6","m_IsReadOnly":true},{"m_Value":"Unity.Services.UserReporting.UserReportingInitializer, Unity.Services.UserReporting, Version=0.0.0.0, Culture=neutral, PublicKeyToken=null","m_IsReadOnly":true},{"m_Value":"com.unity.services.core;com.unity.services.user-reporting","m_IsReadOnly":false},{"m_Value":"production","m_IsReadOnly":false},{"m_Value":"production","m_IsReadOnly":false}]}